{"cameraMode":{"drawMode":0,"name":"Shaded","section":"Shading Mode"},"sceneLighting":true,"audioPlay":false,"sceneViewState":{"showFog":true,"showMaterialUpdate":false,"showSkybox":true,"showFlares":true,"showImageEffects":true,"showParticleSystems":true},"in2DMode":false,"pivot":{"x":-9.774612426757813,"y":5.265110015869141,"z":-7.263611793518066},"rotation":{"x":0.4081570506095886,"y":0.18943992257118226,"z":-0.08699531853199005,"w":0.8887925148010254},"size":23.214946746826173,"orthographic":true}