{"cameraMode":{"drawMode":0,"name":"Shaded","section":"Shading Mode"},"sceneLighting":false,"audioPlay":false,"sceneViewState":{"showFog":true,"showMaterialUpdate":false,"showSkybox":true,"showFlares":true,"showImageEffects":true,"showParticleSystems":true},"in2DMode":false,"pivot":{"x":-0.27546870708465578,"y":2.191760540008545,"z":-0.6682130098342896},"rotation":{"x":0.3316730260848999,"y":0.20213942229747773,"z":-0.07298598438501358,"w":0.9185889959335327},"size":780.8815307617188,"orthographic":false}