{"cameraMode":{"drawMode":0,"name":"Shaded","section":"Shading Mode"},"sceneLighting":true,"audioPlay":false,"sceneViewState":{"showFog":true,"showMaterialUpdate":false,"showSkybox":true,"showFlares":true,"showImageEffects":true,"showParticleSystems":true},"in2DMode":false,"pivot":{"x":-5.215616226196289,"y":-1.1053409576416016,"z":-0.2929420471191406},"rotation":{"x":0.4529793858528137,"y":0.19551502168178559,"z":-0.10253293812274933,"w":0.8637537956237793},"size":18.670616149902345,"orthographic":false}