{"cameraMode":{"drawMode":0,"name":"Shaded","section":"Shading Mode"},"sceneLighting":false,"audioPlay":false,"sceneViewState":{"showFog":true,"showMaterialUpdate":false,"showSkybox":true,"showFlares":true,"showImageEffects":true,"showParticleSystems":true},"in2DMode":false,"pivot":{"x":1.8962836265563965,"y":2.322381019592285,"z":-19.608213424682618},"rotation":{"x":0.39463627338409426,"y":0.28744378685951235,"z":-0.13148005306720735,"w":0.8627579808235169},"size":11.220701217651368,"orthographic":false}