{"cameraMode":{"drawMode":0,"name":"Shaded","section":"Shading Mode"},"sceneLighting":false,"audioPlay":false,"sceneViewState":{"showFog":true,"showMaterialUpdate":false,"showSkybox":true,"showFlares":true,"showImageEffects":true,"showParticleSystems":true},"in2DMode":false,"pivot":{"x":1.8962836265563965,"y":2.322381019592285,"z":-19.608213424682618},"rotation":{"x":-0.43798553943634035,"y":-0.2330506443977356,"z":0.11867408454418183,"w":-0.8601003885269165},"size":9.004063606262207,"orthographic":false}